{
"version":"2.0",
"name":"sap.fiori.library-preload",
"dependencies":["sap.ui.core.library-preload"],
"modules":{
	"sap/fiori/library.js":"/*!\n * SAP UI development toolkit for HTML5 (SAPUI5)\n * \n * (c) Copyright 2009-2013 SAP AG. All rights reserved\n */\njQuery.sap.declare('sap.fiori.library');jQuery.sap.require('sap.ui.core.Core');jQuery.sap.require('sap.ui.core.library');sap.ui.getCore().initLibrary({name:'sap.fiori',dependencies:['sap.ui.core'],types:[],interfaces:[],controls:[],elements:[],version:'1.16.3'});\n"
}}
