{
  "modules" : [
    {
      "name" : "sap/ca/scfld/md/ApplicationFacade.js",
      "size" : 1945,
      "compressedSize" : 421,
      "required" : ["jquery.sap.global.js"],
      "includes" : []
    },
    {
      "name" : "sap/ca/scfld/md/ComponentBase.js",
      "description" : "define a root UIComponent which exposes the main view",
      "size" : 6631,
      "compressedSize" : 3483,
      "required" : ["sap/ui/core/UIComponent.js", "sap/ca/scfld/md/ConfigurationBase.js", "sap/ui/core/routing/Router.js", "sap/ui/core/routing/History.js", "sap/m/routing/RouteMatchedHandler.js", "jquery.sap.global.js"],
      "includes" : []
    },
    {
      "name" : "sap/ca/scfld/md/ConfigurationBase.js",
      "size" : 2344,
      "compressedSize" : 815,
      "required" : ["sap/ca/scfld/md/ApplicationFacade.js", "sap/ca/scfld/md/app/ConnectionManager.js", "sap/ca/scfld/md/app/ApplicationImplementation.js", "sap/ca/scfld/md/app/Application.js", "jquery.sap.global.js"],
      "includes" : []
    },
    {
      "name" : "sap/ca/scfld/md/Startup.js",
      "size" : 1143,
      "compressedSize" : 680,
      "required" : ["jquery.sap.global.js"],
      "includes" : []
    },
    {
      "name" : "sap/ca/scfld/md/app/Application.js",
      "size" : 2727,
      "compressedSize" : 1533,
      "required" : ["sap/ca/scfld/md/ApplicationFacade.js", "sap/ca/scfld/md/app/ApplicationImplementation.js", "sap/ui/app/Application.js", "sap/m/MessageToast.js", "jquery.sap.global.js"],
      "includes" : []
    },
    {
      "name" : "sap/ca/scfld/md/app/ApplicationImplementation.js",
      "size" : 6236,
      "compressedSize" : 3905,
      "required" : ["sap/ca/scfld/md/app/ConnectionManager.js", "sap/ca/scfld/md/app/MasterHeaderFooterHelper.js", "sap/ca/scfld/md/app/DetailHeaderFooterHelper.js", "sap/ca/scfld/md/app/FullScreenHeaderFooterHelper.js", "jquery.sap.global.js"],
      "includes" : []
    },
    {
      "name" : "sap/ca/scfld/md/app/ButtonListHelper.js",
      "size" : 9577,
      "compressedSize" : 5295,
      "required" : ["sap/ca/ui/dialog/Dialog.js", "jquery.sap.global.js"],
      "includes" : []
    },
    {
      "name" : "sap/ca/scfld/md/app/CommonHeaderFooterHelper.js",
      "size" : 21353,
      "compressedSize" : 12350,
      "required" : ["sap/ushell/ui/footerbar/JamShareButton.js", "sap/ushell/ui/footerbar/JamDiscussButton.js", "sap/ushell/ui/footerbar/AddBookmarkButton.js", "sap/ca/scfld/md/app/ButtonListHelper.js", "sap/ushell/services/AppConfiguration.js", "jquery.sap.global.js"],
      "includes" : []
    },
    {
      "name" : "sap/ca/scfld/md/app/ConnectionManager.js",
      "size" : 9523,
      "compressedSize" : 4274,
      "required" : ["sap/ui/core/util/MockServer.js", "sap/ca/ui/message/message.js", "sap/ca/ui/utils/busydialog.js", "jquery.sap.global.js"],
      "includes" : []
    },
    {
      "name" : "sap/ca/scfld/md/app/DetailHeaderFooterHelper.js",
      "size" : 6535,
      "compressedSize" : 3581,
      "required" : ["sap/ca/scfld/md/app/CommonHeaderFooterHelper.js", "jquery.sap.global.js"],
      "includes" : []
    },
    {
      "name" : "sap/ca/scfld/md/app/FullScreenHeaderFooterHelper.js",
      "size" : 6428,
      "compressedSize" : 3848,
      "required" : ["sap/ushell/ui/footerbar/JamShareButton.js", "sap/ushell/ui/footerbar/JamDiscussButton.js", "sap/ushell/ui/footerbar/AddBookmarkButton.js", "sap/ca/scfld/md/app/ButtonListHelper.js", "sap/ca/scfld/md/app/CommonHeaderFooterHelper.js", "jquery.sap.global.js"],
      "includes" : []
    },
    {
      "name" : "sap/ca/scfld/md/app/MasterHeaderFooterHelper.js",
      "size" : 12643,
      "compressedSize" : 7458,
      "required" : ["jquery.sap.global.js"],
      "includes" : []
    },
    {
      "name" : "sap/ca/scfld/md/controller/BaseDetailController.js",
      "size" : 2928,
      "compressedSize" : 1599,
      "required" : ["sap/ui/core/mvc/Controller.js", "jquery.sap.global.js"],
      "includes" : []
    },
    {
      "name" : "sap/ca/scfld/md/controller/BaseFullscreenController.js",
      "size" : 3347,
      "compressedSize" : 1812,
      "required" : ["sap/ui/core/mvc/Controller.js", "sap/ca/scfld/md/app/FullScreenHeaderFooterHelper.js", "sap/ca/scfld/md/app/Application.js", "jquery.sap.global.js"],
      "includes" : []
    },
    {
      "name" : "sap/ca/scfld/md/controller/BaseMasterController.js",
      "size" : 14498,
      "compressedSize" : 5373,
      "required" : ["sap/ui/core/mvc/Controller.js", "jquery.sap.global.js"],
      "includes" : []
    },
    {
      "name" : "sap/ca/scfld/md/library.js",
      "description" : "Initialization Code and shared classes of library sap.ca.scfld.md (1.16.3)",
      "size" : 1282,
      "compressedSize" : 557,
      "required" : ["sap/ui/core/Core.js", "sap/ui/core/library.js", "sap/viz/library.js", "sap/m/library.js", "sap/ca/ui/library.js", "jquery.sap.global.js"],
      "includes" : []
    },
    {
      "name" : "sap/ca/scfld/md/view/App.controller.js",
      "size" : 108,
      "compressedSize" : 90,
      "required" : [],
      "includes" : []
    },
    {
      "name" : "sap/ca/scfld/md/view/App.view.xml",
      "size" : 203,
      "required" : [],
      "includes" : []
    },
    {
      "name" : "sap/ca/scfld/md/view/MainSplitContainer.controller.js",
      "size" : 190,
      "compressedSize" : 177,
      "required" : [],
      "includes" : []
    },
    {
      "name" : "sap/ca/scfld/md/view/MainSplitContainer.view.xml",
      "size" : 303,
      "required" : [],
      "includes" : []
    },
    {
      "name" : "sap/ca/scfld/md/view/empty.controller.js",
      "size" : 1627,
      "compressedSize" : 1166,
      "required" : ["sap/ca/scfld/md/controller/BaseDetailController.js", "jquery.sap.global.js"],
      "includes" : []
    },
    {
      "name" : "sap/ca/scfld/md/view/empty.view.xml",
      "size" : 590,
      "required" : [],
      "includes" : []
    }
  ]
}
